GT Program,Benchmark Info,Semantics,Delta,Avg. Per Component Pred. Set Size,Avg. Per Input Pred. Set Size,Question Selector,Correct?,Initial Synthesis Time,Active Learning Time,Initial Program Space Size,Final Program Space Size,# Rounds,Time Per Round
(length (filter (curry le 5) (map (curry plus 1) (map_imgs pred_int input-list)))),,CCE,0.004,2.7275,53.97,SmartLabel,True,9.15889772027731,23.779041398316622,491,61,3,"[7.411753766238689, 3.9867544025182724, 4.3685899414122105]"
(fold max 0  (map (curry plus (apply pred_int input-img)) (filter (curry le 9) (map_imgs pred_int input-list)))),,CCE,0.004,2.7275,53.97,SmartLabel,True,230.90254762023687,162.89134090393782,2161,40,17,"[12.907455924898386, 24.249409146606922, 12.182695731520653, 11.10332951694727, 11.30579598248005, 7.188300736248493, 7.695823397487402, 8.440689239650965, 3.1497083492577076, 2.8038135804235935, 3.0513047128915787, 3.4820297360420227, 1.668606448918581, 1.3478158079087734, 10.963318515568972, 18.7955020070076, 18.556454207748175]"
(fold plus 0 (map (curry plus (apply pred_int input-img)) (filter (curry le 9) (map_imgs pred_int input-list)))),,CCE,0.004,2.7275000000000005,53.97,SmartLabel,True,10.672823544591665,26.6200300604105,253,6,3,"[23.519084218889475, 1.6655967086553574, 0.45593448728322983]"
(length (filter (curry ge (apply pred_int input-img)) (map (curry mult 2)  (map_imgs pred_int input-list)))),,CCE,0.004,2.7275,53.97,SmartLabel,True,6.417371582239866,20.635568756610155,485,1,5,"[7.393715970218182, 3.945618648082018, 8.63757098466158, 0.3043651320040226, 0.19987717270851135]"
(fold max 0 (map (curry plus (apply pred_int input-img)) (filter (curry le 2)  (map_imgs pred_int input-list)))),,CCE,0.004,2.7275,53.970000000000006,SmartLabel,True,15.517308097332716,8.042402673512697,837,1,3,"[7.456731762737036, 0.3227033317089081, 0.10479525104165077]"
(fold plus 0 (filter (curry ge (apply pred_int input-img)) (map_imgs pred_int input-list))),,CCE,0.004,2.7274999999999996,53.970000000000006,SmartLabel,True,7.08220100030303,22.432457603514194,580,7,6,"[7.755628660321236, 6.4468878619372845, 1.7559779323637486, 2.470176823437214, 2.190005101263523, 0.6910576336085796]"
(fold mult 1 (filter (curry le (apply pred_int input-img)) (map (curry mult 3) (map_imgs pred_int input-list)))),,CCE,0.004,2.7274999999999996,53.97000000000001,SmartLabel,True,7.322085425257683,13.21894758939743,1089,1,3,"[10.314280115067959, 2.237751368433237, 0.4998578429222107]"
(length (filter (curry le 8) (filter (curry ge 8) (map_imgs pred_int input-list)))),,CCE,0.004,2.7275,53.97,SmartLabel,True,6.040236476808786,11.976672995835543,267,2,4,"[5.820246078073978, 4.085137151181698, 1.2325298935174942, 0.5804525949060917]"
(fold plus (apply pred_int input-img) (filter (curry ge (apply pred_int input-img)) (map_imgs pred_int input-list))),,CCE,0.004,2.7275,53.97,SmartLabel,True,280.38227835297585,23.467422887682915,1090,7,4,"[9.56425928324461, 9.589827682822943, 2.2250885777175426, 0.8534429520368576]"
(fold plus 0 (map (curry mult 2) (map_imgs pred_int input-list))),,CCE,0.004,2.7275,53.970000000000006,SmartLabel,True,5.053610950708389,5.236811317503452,86,13,2,"[2.751579988747835, 0.5352730192244053]"
(fold max (apply pred_int input-img) (filter (curry ge 9) (map_imgs pred_int input-list))),,CCE,0.004,2.7274999999999996,53.970000000000006,SmartLabel,True,5.885450538247824,11.336197812110186,141,47,1,[4.138376787304878]
(fold plus 0 (map (curry plus (apply pred_int input-img)) (map_imgs pred_int input-list))),,CCE,0.004,2.7274999999999996,53.970000000000006,SmartLabel,True,9.004978142678738,9.40702210366726,1251,6,3,"[7.116565451025963, 1.0121438913047314, 0.2944526709616184]"
(length (filter (curry le (apply pred_int input-img)) (map_imgs pred_int input-list))),,CCE,0.004,2.7274999999999996,53.97000000000001,SmartLabel,True,7.031506720930338,50.369802854955196,544,7,25,"[8.152104705572128, 6.807063579559326, 0.669899471104145, 1.3568722754716873, 1.2285529896616936, 0.43950536474585533, 0.27772749215364456, 0.334274485707283, 0.2919650115072727, 0.2454562708735466, 0.6951429024338722, 1.9133537597954273, 2.2667807675898075, 2.367907151579857, 2.40131950750947, 2.4373711943626404, 2.4455589801073074, 2.655269253998995, 2.53514950722456, 2.7411953397095203, 2.738271079957485, 3.3983630128204823, 1.2653030939400196, 0.567052748054266, 0.1378437988460064]"
(fold mult 1 (map (curry mult 7) (map_imgs pred_int input-list))),,CCE,0.004,2.7274999999999996,53.97000000000001,SmartLabel,True,5.280938073992729,1.8755249381065369,12,10,1,[0.39726605266332626]
(length (filter (curry le 9) (filter (curry ge 5) (map_imgs pred_int input-list)))),,CCE,0.004,2.7274999999999996,53.97000000000001,SmartLabel,True,4.51518590003252,25.730634424835443,485,59,3,"[8.287557937204838, 5.966637320816517, 3.701533015817404]"
(fold max 0 (filter (curry le 2) (map_imgs pred_int input-list))),,CCE,0.004,2.7275,53.97,SmartLabel,True,10.345880467444658,29.799942303448915,664,26,8,"[5.882372818887234, 7.748676639050245, 1.3496317490935326, 2.0609518475830555, 2.061434034258127, 2.0337214656174183, 2.4682763032615185, 2.6361699774861336]"
(fold plus 0 (filter (curry ge 8) (map_imgs pred_int input-list))),,CCE,0.004,2.7275,53.97,SmartLabel,True,7.445229172706604,42.98761149123311,10709,41,21,"[9.300806805491447, 6.133063495159149, 3.8702417127788067, 2.61436403170228, 3.298196915537119, 2.6916631311178207, 1.6008748225867748, 1.445606280118227, 0.9439218640327454, 2.7833597250282764, 1.1375658623874187, 0.5154539383947849, 0.7706811353564262, 0.552003338932991, 0.526723351329565, 0.6382335536181927, 0.8421283960342407, 0.804494921118021, 1.4876725599169731, 0.7528865970671177, 0.18224559724330902]"
(fold max 0 (map (curry mult 2) (map_imgs pred_int input-list))),,CCE,0.004,2.7275,53.97,SmartLabel,True,89.0892495252192,92.21867351979017,3937,51,8,"[20.555076207965612, 9.01494288444519, 4.595535073429346, 5.440637763589621, 4.128652647137642, 6.591250151395798, 17.530254296958447, 17.60693460330367]"
(fold max 0 (map (curry mult 2) (filter (curry ge 5) (map_imgs pred_int input-list)))),,CCE,0.004,2.7275,53.970000000000006,SmartLabel,True,23.437431946396828,22.643999215215445,3118,2,4,"[20.76681872084737, 1.0188984908163548, 0.356565248221159, 0.20513810962438583]"
(length (filter (curry ge 1) (map_imgs pred_int input-list))),,CCE,0.004,2.7275,53.970000000000006,SmartLabel,True,15.080077029764652,42.456064231693745,1345,94,5,"[6.763282597064972, 4.523642245680094, 6.347368270158768, 6.139836743474007, 6.012870013713837]"
(fold mult 1 (map_imgs pred_int input-list)),,CCE,0.004,2.7275,53.970000000000006,SmartLabel,FAIL,6.0955978855490685,7.2479248046875e-05,0,4,0,[]
(fold max 0 (map_imgs pred_int input-list)),,CCE,0.004,2.7274999999999996,53.970000000000006,SmartLabel,True,35.19440694525838,130.07264878600836,1675,131,8,"[7.278020527213812, 10.587039329111576, 7.240609776228666, 9.898893263190985, 6.559508863836527, 11.267214093357325, 30.00401445105672, 30.253976952284575]"
(length (filter (curry ge (apply pred_int input-img)) (map_imgs pred_int input-list))),,CCE,0.004,2.7274999999999996,53.970000000000006,SmartLabel,True,31.368961203843355,20.31313607469201,681,6,21,"[6.443303614854813, 2.1665784008800983, 1.7863450981676579, 1.5227999463677406, 1.434776697307825, 0.41146722063422203, 0.5265485271811485, 0.3616199418902397, 0.36419185250997543, 0.3296988010406494, 0.34668609127402306, 0.3123977854847908, 0.2969067841768265, 0.3877771869301796, 0.27954060211777687, 0.3420788422226906, 0.3114854544401169, 0.31785590946674347, 0.33846811950206757, 0.4662637524306774, 1.0212193876504898]"
(length (filter (curry le 0) (map_imgs pred_int input-list))),,CCE,0.004,2.7275000000000005,53.97,SmartLabel,True,5.939962990581989,176.31647427752614,6776,115,24,"[8.334796976298094, 9.055575590580702, 18.005722396075726, 6.4739851132035255, 5.116899110376835, 5.83827218413353, 4.755845405161381, 5.651122216135263, 4.57449247688055, 8.918345473706722, 5.0219127386808395, 3.4813098944723606, 3.7442433163523674, 4.01255301758647, 5.8081634901463985, 5.853354021906853, 13.219041164964437, 9.482882902026176, 9.442062519490719, 11.093817215412855, 9.598217982798815, 8.451148800551891, 7.7509472258389, 0.8925830274820328]"
(fold max 0 (filter (curry ge 5) (map_imgs pred_int input-list))),,CCE,0.004,2.7275000000000005,53.97,SmartLabel,True,12.250072836875916,37.72163895517588,6657,29,4,"[16.538147937506437, 5.924161080271006, 7.108725354075432, 3.895994294434786]"
(fold max 0 (filter (curry le (apply pred_int input-img)) (map_imgs pred_int input-list))),,CCE,0.004,2.727500000000001,53.97,SmartLabel,True,48.26617468893528,71.54286555200815,2731,8,29,"[10.24097703024745, 7.71170749515295, 6.8746885843575, 2.09091517329216, 0.49868398159742355, 0.6274942941963673, 0.6178538948297501, 0.6097625829279423, 0.890752375125885, 0.8622556738555431, 0.4592937268316746, 0.9105389341711998, 2.453634835779667, 2.895210810005665, 3.016889926046133, 3.0502621084451675, 3.0631033964455128, 3.196604449301958, 3.367772702127695, 3.701098248362541, 3.696052063256502, 4.524885293096304, 2.3037175871431828, 1.2479437701404095, 0.9468761160969734, 0.8933130912482738, 0.6068372055888176, 0.059278033673763275, 0.12383953109383583]"
(fold plus 0 (map (curry mult 6) (map_imgs pred_int input-list))),,CCE,0.004,2.727500000000001,53.97,SmartLabel,True,4.922956336289644,5.686322499066591,43,19,2,"[2.1603323593735695, 0.6464930139482021]"
(fold plus 0 (filter (curry ge 2) (map_imgs pred_int input-list))),,CCE,0.004,2.7275000000000014,53.970000000000006,SmartLabel,True,10.75977074727416,21.199238743633032,2050,17,2,"[8.906942818313837, 9.752355426549911]"
(length (filter (curry ge (apply pred_int input-img)) (map (curry plus 4) (map_imgs pred_int input-list)))),,CCE,0.004,2.7275000000000014,53.970000000000006,SmartLabel,True,8.119807962328196,27.634167052805424,4304,1,5,"[14.78059895336628, 6.051908832043409, 6.374457344412804, 0.16414818540215492, 0.11194299533963203]"
(length (filter (curry ge (apply pred_int input-img)) (filter (curry le 7) (map_imgs pred_int input-list)))),,CCE,0.004,2.7275000000000014,53.970000000000006,SmartLabel,True,34.099891256541014,18.427178010344505,1953,1,4,"[7.00626489892602, 6.564015757292509, 4.601275358349085, 0.10482733324170113]"
(length (filter (curry ge 1) (map_imgs pred_int input-list))),,CCE,0.004,2.727500000000002,53.970000000000006,SmartLabel,True,9.266005456447601,55.205150086432695,3558,94,6,"[7.704156596213579, 12.137094385921955, 6.392740018665791, 3.976154822856188, 6.17196237668395, 6.035798788070679]"
(fold plus 0 (map (curry mult (apply pred_int input-img)) (map_imgs pred_int input-list))),,CCE,0.004,2.7275,53.97,SmartLabel,True,44.22762279212475,2.7808231227099895,18,7,2,"[1.2639698646962643, 0.3843662366271019]"
(fold max 0 (map (curry plus (apply pred_int input-img)) (map_imgs pred_int input-list))),,CCE,0.004,2.7275,53.97,SmartLabel,True,25.132986683398485,126.83116339892149,644,40,16,"[8.742667600512505, 17.417207442224026, 10.835311580449343, 5.682789865881205, 5.991319645196199, 6.506191328167915, 7.247501499950886, 2.257068533450365, 1.890315655618906, 2.149771198630333, 3.345987856388092, 1.5675086341798306, 1.2564987130463123, 10.839448381215334, 18.717841904610395, 18.42838717997074]"
(length (filter (curry ge 4) (map_imgs pred_int input-list))),,CCE,0.004,2.7275000000000005,53.97,SmartLabel,True,8.013872921466827,19.345975413918495,696,58,3,"[5.564700480550528, 4.515355005860329, 1.6349562779068947]"
(fold max 0 (map (curry plus 5) (map_imgs pred_int input-list))),,CCE,0.004,2.7275000000000005,53.97,SmartLabel,True,9.025775447487831,412.332567460835,1001,199,24,"[8.94810638949275, 16.324349250644445, 16.714236237108707, 10.846145629882812, 7.223774369806051, 8.977678820490837, 8.85516644641757, 28.710910852998495, 28.938861791044474, 14.153750624507666, 23.14517041295767, 22.619479805231094, 29.97563262283802, 29.83939539268613, 34.73096790909767, 11.50608129799366, 3.667399786412716, 2.9278864562511444, 7.855306182056665, 9.33789798989892, 9.071157619357109, 14.583073616027832, 31.37037219852209, 26.605168476700783]"
(length (filter (curry ge 9) (map_imgs pred_int input-list))),,CCE,0.004,2.727500000000001,53.97,SmartLabel,True,8.341093689203262,29.722922276705503,961,67,4,"[8.91791745647788, 5.523029774427414, 3.7828495800495148, 3.0279935896396637]"
(length (filter (curry ge 3) (map_imgs pred_int input-list))),,CCE,0.004,2.727500000000001,53.970000000000006,SmartLabel,True,45.673775248229504,22.36046976223588,380,60,3,"[8.570869445800781, 3.5790172666311264, 2.249507274478674]"
(length (filter (curry le (apply pred_int input-img)) (map (curry plus 2) (map_imgs pred_int input-list)))),,CCE,0.004,2.727500000000001,53.970000000000006,SmartLabel,True,7.33756610006094,19.674230191856623,2256,1,5,"[9.750650320202112, 7.514896396547556, 1.9696890749037266, 0.19397902488708496, 0.09042825177311897]"
(length (filter (curry le (apply pred_int input-img)) (map (curry plus 1) (map_imgs pred_int input-list)))),,CCE,0.004,2.7275000000000014,53.97,SmartLabel,True,7.149792056530714,29.519291695207357,749,1,6,"[11.674664739519358, 11.841693561524153, 4.724145341664553, 0.7447328753769398, 0.23955832794308662, 0.1448058784008026]"
(fold plus 1 (map (curry max 8) (filter (curry ge 4) (map_imgs pred_int input-list)))),,CCE,0.004,2.7275,53.970000000000006,SmartLabel,True,19.830006182193756,11.782374732196331,788,1,3,"[8.876134004443884, 2.6436226665973663, 0.11874765530228615]"
(fold plus 0 (filter (curry le (apply pred_int input-img)) (map_imgs pred_int input-list))),,CCE,0.004,2.7275,53.97,SmartLabel,True,23.73200825229287,74.23787016049027,2538,8,28,"[10.890774816274643, 2.9711934030056, 0.9761025831103325, 0.41582217440009117, 0.43022263795137405, 0.7623549401760101, 0.8031710609793663, 1.269297581166029, 2.7911850698292255, 3.2451577708125114, 3.4361886233091354, 3.430697750300169, 3.5591145902872086, 3.7304988503456116, 4.109682101756334, 4.104760017246008, 5.028356343507767, 5.023084752261639, 5.012008547782898, 4.704472824931145, 2.4158523865044117, 1.3564865663647652, 1.0810491368174553, 0.9373088702559471, 0.9231009669601917, 0.6426029279828072, 0.06514812260866165, 0.12160500511527061]"
(fold mult 1 (map (curry max 1) (map_imgs pred_int input-list))),,CCE,0.004,2.7275,53.96999999999999,SmartLabel,True,5.938873287290335,18.458257626742125,136,43,2,"[10.475283853709698, 1.5727801471948624]"
(fold mult 1 (filter (curry ge 2 ) (filter (curry le 4) (map_imgs pred_int input-list)))),,CCE,0.004,2.7275000000000005,53.96999999999999,SmartLabel,True,4.501401416957378,9.369612086564302,181,6,2,"[6.457336291670799, 2.0204222835600376]"
(fold plus 0 (map (curry mult 3) (map_imgs pred_int input-list))),,CCE,0.004,2.7275000000000005,53.969999999999985,SmartLabel,True,4.002363611012697,3.6123998798429966,47,14,1,[1.5031295865774155]
(length (filter (curry ge 1) (filter (curry le 9) (map_imgs pred_int input-list)))),,CCE,0.004,2.7275000000000005,53.969999999999985,SmartLabel,True,21.81595493108034,64.20073304697871,6641,94,5,"[17.08734220266342, 11.66278264299035, 10.022546909749508, 6.353098925203085, 6.219823554158211]"
(fold plus 0 (filter (curry ge 3) (map_imgs pred_int input-list))),,CCE,0.004,2.7275000000000005,53.96999999999998,SmartLabel,True,18.27219168841839,15.113205414265394,8431,21,2,"[10.000150229781866, 1.9770343378186226]"
(length (filter (curry ge 3) (map (curry plus 1) (map_imgs pred_int input-list)))),,CCE,0.004,2.7275000000000005,53.96999999999998,SmartLabel,True,13.910080011934042,36.260820526629686,1004,71,4,"[6.908380381762981, 13.74637408927083, 2.6154705844819546, 3.4959101900458336]"
(fold plus 0 (map (curry plus 2) (map (curry mult (apply pred_int input-img)) (map_imgs pred_int input-list)))),,CCE,0.004,2.7274999999999996,53.970000000000006,SmartLabel,True,6.52643408998847,2.598848734050989,15,7,2,"[0.790219072252512, 0.6634415797889233]"
(fold max 0 (filter (curry le 9) (map_imgs pred_int input-list))),,CCE,0.004,2.7274999999999996,53.970000000000006,SmartLabel,True,5.164995867758989,146.70975397527218,6885,131,9,"[8.885223064571619, 7.1428564712405205, 7.147754184901714, 19.390307027846575, 9.226783577352762, 6.622921407222748, 10.84713313728571, 29.980301089584827, 30.36805620789528]"
(fold max 0 (filter (curry le (apply pred_int input-img)) (map (curry mult 5) (map_imgs pred_int input-list)))),,CCE,0.004,2.7274999999999996,53.97,SmartLabel,True,5.054142903536558,17.294073954224586,5460,1,5,"[7.948931381106377, 6.884720724076033, 1.307360839098692, 0.7370865195989609, 0.25170398503541946]"
(length (filter (curry le 5) (map (curry plus 1) (map_imgs pred_int input-list)))),,CCE-NoAbs,0.004,2.727499999999999,53.97,SmartLabelNoUB,True,50.032606922090054,238.4517672844231,491,61,3,"[133.68511393666267, 58.92233654484153, 37.5427237264812]"
(fold max 0  (map (curry plus (apply pred_int input-img)) (filter (curry le 9) (map_imgs pred_int input-list)))),,CCE-NoAbs,0.004,2.727499999999999,53.96999999999999,SmartLabelNoUB,True,621.8059474304318,884.1591941714287,2161,40,17,"[141.96100613474846, 136.28493582084775, 82.42235370352864, 68.30526274442673, 67.87390141561627, 52.91423947736621, 52.81811962276697, 50.910230319947004, 35.30372058600187, 34.722486317157745, 33.08442563563585, 28.024765867739916, 24.1260226406157, 18.536215648055077, 17.938232388347387, 17.58045595139265, 17.40371422469616]"
(fold plus 0 (map (curry plus (apply pred_int input-img)) (filter (curry le 9) (map_imgs pred_int input-list)))),,CCE-NoAbs,0.004,2.727499999999999,53.96999999999999,SmartLabelNoUB,True,37.0201632976532,155.03519378229976,253,6,3,"[138.85098176449537, 10.183830607682467, 5.034588139504194]"
(length (filter (curry ge (apply pred_int input-img)) (map (curry mult 2)  (map_imgs pred_int input-list)))),,CCE-NoAbs,0.004,2.7274999999999987,53.969999999999985,SmartLabelNoUB,True,10.206227079033852,255.92440795525908,489,1,5,"[130.47526288032532, 71.05788904801011, 47.480416752398014, 4.726623602211475, 2.03172155469656]"
(fold max 0 (map (curry plus (apply pred_int input-img)) (filter (curry le 2)  (map_imgs pred_int input-list)))),,CCE-NoAbs,0.004,2.7274999999999987,53.969999999999985,SmartLabelNoUB,True,68.62249520048499,146.9734168946743,837,1,3,"[141.23625965416431, 4.1902040876448154, 1.3911699689924717]"
(fold plus 0 (filter (curry ge (apply pred_int input-img)) (map_imgs pred_int input-list))),,CCE-NoAbs,0.004,2.7274999999999996,53.97000000000001,SmartLabelNoUB,True,30.957867462188005,288.42825364694,580,7,6,"[129.07148725911975, 105.4188560321927, 28.235938902944326, 10.151251282542944, 8.701040994375944, 5.736497979611158]"
(fold mult 1 (filter (curry le (apply pred_int input-img)) (map (curry mult 3) (map_imgs pred_int input-list)))),,CCE-NoAbs,0.004,2.7274999999999996,53.970000000000006,SmartLabelNoUB,True,67.46609571948647,167.7224329598248,1094,1,3,"[127.2667367644608, 37.01485573872924, 3.275836154818535]"
(length (filter (curry le 8) (filter (curry ge 8) (map_imgs pred_int input-list)))),,CCE-NoAbs,0.004,2.7274999999999996,53.970000000000006,SmartLabelNoUB,True,70.93365480005741,189.10331723093987,270,2,4,"[120.71568213030696, 51.039506670087576, 13.271749798208475, 3.8211465291678905]"
(fold plus (apply pred_int input-img) (filter (curry ge (apply pred_int input-img)) (map_imgs pred_int input-list))),,CCE-NoAbs,0.004,2.727499999999999,53.97,SmartLabelNoUB,True,741.2524513155222,235.46357642486691,1090,7,4,"[136.04179178923368, 82.62833188846707, 9.37380662932992, 6.194470144808292]"
(fold plus 0 (map (curry mult 2) (map_imgs pred_int input-list))),,CCE-NoAbs,0.004,2.727499999999999,53.97,SmartLabelNoUB,True,17.091560550034046,70.57325164601207,86,13,2,"[59.30513859167695, 9.326765343546867]"
(fold max (apply pred_int input-img) (filter (curry ge 9) (map_imgs pred_int input-list))),,CCE-NoAbs,0.004,2.727499999999999,53.96999999999999,SmartLabelNoUB,True,12.73433281481266,96.49512156844139,141,47,1,[89.31876450777054]
(fold plus 0 (map (curry plus (apply pred_int input-img)) (map_imgs pred_int input-list))),,CCE-NoAbs,0.004,2.7274999999999987,53.96999999999999,SmartLabelNoUB,True,19.35712557658553,157.2401339598,1251,6,3,"[141.35677164047956, 9.787990972399712, 5.119432367384434]"
(length (filter (curry le (apply pred_int input-img)) (map_imgs pred_int input-list))),,CCE-NoAbs,0.004,2.7274999999999987,53.969999999999985,SmartLabelNoUB,True,54.483124647289515,331.8329968638718,544,7,25,"[124.61450897529721, 112.32557784765959, 9.884814124554396, 7.2647756189107895, 6.578104767948389, 5.836989436298609, 5.132700126618147, 4.858795568346977, 4.731550306081772, 4.72436985000968, 4.118515327572823, 4.087889287620783, 4.0166606567800045, 3.9781023375689983, 3.9278733357787132, 3.765320859849453, 3.635924644768238, 3.623586993664503, 3.297259520739317, 3.2778188064694405, 3.2056098356842995, 3.1762797981500626, 1.1565998457372189, 0.4877656325697899, 0.1250903196632862]"
(fold mult 1 (map (curry mult 7) (map_imgs pred_int input-list))),,CCE-NoAbs,0.004,2.7274999999999996,53.97000000000001,SmartLabelNoUB,True,5.9224739000201225,9.456908375024796,12,10,1,[7.981049135327339]
(length (filter (curry le 9) (filter (curry ge 5) (map_imgs pred_int input-list)))),,CCE-NoAbs,0.004,2.7274999999999996,53.97000000000001,SmartLabelNoUB,True,6.238638889044523,311.6604520380497,485,59,3,"[118.74007802829146, 115.39035181328654, 69.83997628092766]"
(fold max 0 (filter (curry le 2) (map_imgs pred_int input-list))),,CCE-NoAbs,0.004,2.727499999999999,53.970000000000006,SmartLabelNoUB,True,39.817384738475084,312.59534157812595,668,26,8,"[120.0216043703258, 79.00867046415806, 21.669006433337927, 17.9049565307796, 17.78215343877673, 17.764249697327614, 17.821906596422195, 17.074558556079865]"
(fold plus 0 (filter (curry ge 8) (map_imgs pred_int input-list))),,CCE-NoAbs,0.004,2.727499999999999,53.970000000000006,SmartLabelNoUB,True,16.158606112003326,643.3542994596064,10709,41,21,"[134.17262207716703, 128.81075467914343, 70.81962452456355, 54.18484527990222, 53.73913500085473, 50.98277639225125, 23.450402103364468, 21.434030890464783, 20.870267052203417, 13.76754430308938, 9.413221891969442, 8.67968287691474, 8.712592132389545, 8.196576587855816, 8.022279482334852, 7.706687789410353, 7.433284744620323, 6.292546451091766, 4.892613213509321, 1.306631714105606, 0.37160174176096916]"
(fold max 0 (map (curry mult 2) (map_imgs pred_int input-list))),,CCE-NoAbs,0.004,2.727499999999999,53.97,SmartLabelNoUB,True,281.1017061471939,720.4053604565561,3937,51,8,"[141.91024388745427, 137.4905194118619, 82.23517475649714, 73.7041807025671, 71.46646180003881, 70.82589292153716, 70.34297949075699, 65.65801350772381]"
(fold max 0 (map (curry mult 2) (filter (curry ge 5) (map_imgs pred_int input-list)))),,CCE-NoAbs,0.004,2.727499999999999,53.97,SmartLabelNoUB,True,83.6304895542562,172.3984594680369,3118,2,4,"[143.53934128582478, 20.671992298215628, 5.3369273245334625, 2.5559199079871178]"
(length (filter (curry ge 1) (map_imgs pred_int input-list))),,CCE-NoAbs,0.004,2.727499999999999,53.96999999999999,SmartLabelNoUB,True,113.44014582037926,415.9616844840348,1345,94,5,"[130.24789495766163, 95.66476009041071, 61.06319546699524, 58.26795686036348, 58.07633448764682]"
(fold mult 1 (map_imgs pred_int input-list)),,CCE-NoAbs,0.004,2.7274999999999987,53.96999999999999,SmartLabelNoUB,FAIL,11.986394073814154,8.383020758628845e-05,0,4,0,[]
(fold max 0 (map_imgs pred_int input-list)),,CCE-NoAbs,0.004,2.7274999999999996,53.97000000000001,SmartLabelNoUB,True,276.3451627418399,1045.4154161140323,1675,131,8,"[139.42729521542788, 137.36385958641768, 137.4300376586616, 128.97973700240254, 124.69734996184707, 123.62592601776123, 122.30120578408241, 114.61354585364461]"
(length (filter (curry ge (apply pred_int input-img)) (map_imgs pred_int input-list))),,CCE-NoAbs,0.004,2.7274999999999996,53.97000000000001,SmartLabelNoUB,True,128.98175179958344,254.04802807047963,681,6,21,"[130.30391074344516, 42.896636456251144, 7.244960032403469, 6.594393376260996, 5.892970319837332, 4.5562007538974285, 4.510405670851469, 4.309022895991802, 4.199471704661846, 4.167489655315876, 4.1308208256959915, 4.090616926550865, 4.09484189376235, 3.69986542314291, 3.584712404757738, 3.5496007800102234, 3.4444271735846996, 3.2370908111333847, 3.2030574679374695, 2.928544219583273, 2.857923459261656]"
(length (filter (curry le 0) (map_imgs pred_int input-list))),,CCE-NoAbs,0.004,2.727499999999999,53.970000000000006,SmartLabelNoUB,True,19.652440834790468,962.3684723041952,6776,115,24,"[133.88985162600875, 133.02402399480343, 109.81222529709339, 63.473941788077354, 61.62503330409527, 58.45424498617649, 57.12322596460581, 53.610414166003466, 52.06236424297094, 34.16228102892637, 23.409990429878235, 21.512801684439182, 21.501253057271242, 20.695619493722916, 20.29114144667983, 17.914283394813538, 16.42624954506755, 11.575740806758404, 10.39759599044919, 9.688270431011915, 8.558625884354115, 7.637286718934774, 6.934570826590061, 6.857594378292561]"
(fold max 0 (filter (curry ge 5) (map_imgs pred_int input-list))),,CCE-NoAbs,0.004,2.727499999999999,53.970000000000006,SmartLabelNoUB,True,112.70096321776509,434.20749909058213,6657,29,4,"[130.69303772225976, 127.91470682993531, 119.69259553402662, 51.66757196187973]"
(fold max 0 (filter (curry le (apply pred_int input-img)) (map_imgs pred_int input-list))),,CCE-NoAbs,0.004,2.727499999999999,53.970000000000006,SmartLabelNoUB,True,240.35900376737118,469.6401996091008,2731,8,29,"[137.56610864028335, 135.18403635546565, 64.23388433083892, 22.669423531740904, 9.462419208139181, 7.290238697081804, 7.248022060841322, 7.248182058334351, 7.180534932762384, 7.0875431671738625, 6.0422955341637135, 5.290922399610281, 5.246083129197359, 5.137001574039459, 5.072733759880066, 5.00919970870018, 4.820063333958387, 4.677350204437971, 4.673671346157789, 4.343172449618578, 4.242316834628582, 4.1752249374985695, 2.089928552508354, 1.0642055347561836, 0.7916155084967613, 0.748940609395504, 0.5604273341596127, 0.3756851963698864, 0.10833601281046867]"
(fold plus 0 (map (curry mult 6) (map_imgs pred_int input-list))),,CCE-NoAbs,0.004,2.727499999999999,53.970000000000006,SmartLabelNoUB,True,5.966378308832645,45.62414215132594,43,19,2,"[29.34792021661997, 13.443384893238544]"
(fold plus 0 (filter (curry ge 2) (map_imgs pred_int input-list))),,CCE-NoAbs,0.004,2.727499999999999,53.97000000000001,SmartLabelNoUB,True,13.75152686983347,274.61130963265896,2050,17,2,"[134.75994270294905, 137.3408696986735]"
(length (filter (curry ge (apply pred_int input-img)) (map (curry plus 4) (map_imgs pred_int input-list)))),,CCE-NoAbs,0.004,2.7274999999999987,53.97000000000001,SmartLabelNoUB,True,48.288536448031664,286.8925754353404,4305,1,5,"[129.7420180812478, 91.21117006614804, 61.695194363594055, 2.722244795411825, 1.368420023471117]"
(length (filter (curry ge (apply pred_int input-img)) (filter (curry le 7) (map_imgs pred_int input-list)))),,CCE-NoAbs,0.004,2.7274999999999996,53.97000000000001,SmartLabelNoUB,True,142.80346984788775,354.6472075805068,1953,1,4,"[130.16615429148078, 127.18776718899608, 95.82418784499168, 1.320914350450039]"
(length (filter (curry ge 1) (map_imgs pred_int input-list))),,CCE-NoAbs,0.004,2.7274999999999996,53.97000000000002,SmartLabelNoUB,True,24.607856173068285,452.0707652233541,3561,94,6,"[128.503730956465, 71.26068271324039, 61.741028264164925, 60.40333593264222, 58.904842503368855, 58.50425035879016]"
(fold plus 0 (map (curry mult (apply pred_int input-img)) (map_imgs pred_int input-list))),,CCE-NoAbs,0.004,2.727499999999999,53.97000000000002,SmartLabelNoUB,True,128.91555493697524,21.105998810380697,18,7,2,"[13.382532268762589, 6.5934437327086926]"
(fold max 0 (map (curry plus (apply pred_int input-img)) (map_imgs pred_int input-list))),,CCE-NoAbs,0.004,2.727499999999999,53.97000000000003,SmartLabelNoUB,True,114.36041946709156,798.3827822543681,644,40,16,"[149.3686009310186, 126.69809996709228, 78.21296060085297, 53.86491509526968, 53.58522242307663, 53.4742678552866, 51.57206700369716, 35.58945731446147, 35.124175764620304, 33.50434183329344, 27.99386226385832, 24.137687727808952, 18.50031939521432, 17.93311547487974, 17.54482978209853, 17.356667816638947]"
(length (filter (curry ge 4) (map_imgs pred_int input-list))),,CCE-NoAbs,0.004,2.727499999999999,53.97000000000003,SmartLabelNoUB,True,25.05995038151741,240.25396237522364,696,58,3,"[117.83349107950926, 79.33616640046239, 35.45015709474683]"
(fold max 0 (map (curry plus 5) (map_imgs pred_int input-list))),,CCE-NoAbs,0.004,2.727499999999999,53.97000000000003,SmartLabelNoUB,TIMEOUT,25.642923176288605,1500.0001405850053,1001,7,12,"[140.1632540114224, 143.3744416423142, 144.08598905056715, 134.4568339139223, 129.804827272892, 129.17176455259323, 125.23472514748573, 124.31017654761672, 115.95251569151878, 94.42489213123918, 83.91030997782946, 81.41598367318511]"
(length (filter (curry ge 9) (map_imgs pred_int input-list))),,CCE-NoAbs,0.004,2.727499999999999,53.970000000000034,SmartLabelNoUB,True,36.677358362823725,365.8894918188453,963,67,4,"[119.8872731551528, 115.8470245860517, 81.4109424315393, 40.26573463156819]"
(length (filter (curry ge 3) (map_imgs pred_int input-list))),,CCE-NoAbs,0.004,2.7274999999999987,53.970000000000034,SmartLabelNoUB,True,207.26599393785,231.7778516113758,380,60,3,"[126.41920941695571, 61.012925535440445, 36.36092272773385]"
(length (filter (curry le (apply pred_int input-img)) (map (curry plus 2) (map_imgs pred_int input-list)))),,CCE-NoAbs,0.004,2.7274999999999996,53.97000000000002,SmartLabelNoUB,True,17.705251075327396,255.6357265599072,2257,1,5,"[141.30279580503702, 97.25216336920857, 12.075871605426073, 3.4626721255481243, 1.3906723596155643]"
(length (filter (curry le (apply pred_int input-img)) (map (curry plus 1) (map_imgs pred_int input-list)))),,CCE-NoAbs,0.004,2.7274999999999996,53.97000000000002,SmartLabelNoUB,True,79.03236274421215,309.27967697009444,750,1,6,"[122.07155710086226, 114.12405701354146, 53.80313239246607, 13.168453987687826, 3.9569175839424133, 2.003949958831072]"
(fold plus 1 (map (curry max 8) (filter (curry ge 4) (map_imgs pred_int input-list)))),,CCE-NoAbs,0.004,2.727499999999999,53.97000000000002,SmartLabelNoUB,True,48.7587150670588,178.00490586459637,788,1,3,"[143.26328159868717, 32.61312906444073, 1.9811538755893707]"
(fold plus 0 (filter (curry le (apply pred_int input-img)) (map_imgs pred_int input-list))),,CCE-NoAbs,0.004,2.727499999999999,53.97000000000003,SmartLabelNoUB,True,113.41519736498594,275.03776191547513,2538,8,28,"[146.64948039874434, 23.435483023524284, 7.957176998257637, 6.4594538398087025, 6.412013787776232, 6.406554009765387, 6.3331521190702915, 5.630464918911457, 5.576751925051212, 5.478539478033781, 5.415960520505905, 5.200066477060318, 5.069596074521542, 5.047310374677181, 4.74835854023695, 4.641550965607166, 4.588313069194555, 4.57004027441144, 4.5613785944879055, 4.280222620815039, 2.0972334928810596, 1.1001252718269825, 0.8489680215716362, 0.7576456628739834, 0.7522085048258305, 0.5456738919019699, 0.36805225163698196, 0.10538603365421295]"
(fold mult 1 (map (curry max 1) (map_imgs pred_int input-list))),,CCE-NoAbs,0.004,2.727499999999999,53.97000000000003,SmartLabelNoUB,True,19.602966357022524,130.5196176841855,136,43,2,"[91.03955926001072, 33.068455278873444]"
(fold mult 1 (filter (curry ge 2 ) (filter (curry le 4) (map_imgs pred_int input-list)))),,CCE-NoAbs,0.004,2.727499999999999,53.97000000000003,SmartLabelNoUB,True,4.943929228931665,143.31276287138462,181,6,2,"[125.66857258975506, 16.765078078955412]"
(fold plus 0 (map (curry mult 3) (map_imgs pred_int input-list))),,CCE-NoAbs,0.004,2.727499999999999,53.970000000000034,SmartLabelNoUB,True,5.964696750044823,34.593889091163874,47,14,1,[32.48132701963186]
(length (filter (curry ge 1) (filter (curry le 9) (map_imgs pred_int input-list)))),,CCE-NoAbs,0.004,2.7274999999999996,53.970000000000034,SmartLabelNoUB,True,68.70742613822222,451.26416585221887,6644,94,5,"[131.36758956313133, 127.58004390820861, 61.75658317282796, 59.124533884227276, 58.632540330290794]"
(fold plus 0 (filter (curry ge 3) (map_imgs pred_int input-list))),,CCE-NoAbs,0.004,2.7274999999999996,53.97000000000002,SmartLabelNoUB,True,33.018699157983065,301.5406315140426,8440,21,3,"[136.61717266961932, 135.56301956251264, 26.229967579245567]"
(length (filter (curry ge 3) (map (curry plus 1) (map_imgs pred_int input-list)))),,CCE-NoAbs,0.004,2.7275,53.97000000000002,SmartLabelNoUB,True,173.7647291086614,357.0829080045223,1004,71,4,"[130.66037142276764, 122.59195536002517, 50.448647025972605, 43.85155937448144]"
(fold plus 0 (map (curry plus 2) (map (curry mult (apply pred_int input-img)) (map_imgs pred_int input-list)))),,CCE-NoAbs,0.004,2.7275,53.97000000000002,SmartLabelNoUB,True,11.24815921112895,18.06012139841914,15,7,2,"[11.01301558315754, 5.902832135558128]"
(fold max 0 (filter (curry le 9) (map_imgs pred_int input-list))),,CCE-NoAbs,0.004,2.7275000000000005,53.97000000000003,SmartLabelNoUB,True,3.581517193466425,1185.1286819502711,6887,131,9,"[135.6746681779623, 137.73611028119922, 138.65990879386663, 136.02589532732964, 130.19780192151666, 125.73622302338481, 124.18007093667984, 123.56045350432396, 116.3610576055944]"
(fold max 0 (filter (curry le (apply pred_int input-img)) (map (curry mult 5) (map_imgs pred_int input-list)))),,CCE-NoAbs,0.004,2.7275000000000005,53.97000000000003,SmartLabelNoUB,True,16.683791920542717,190.5824625045061,5460,1,5,"[132.58677239716053, 35.45405760407448, 11.181893855333328, 6.558763042092323, 4.634458906948566]"
